e-mail,password,marketing tab availability
2875283758@mail.ru,42233f50,
shishmarev@inter-plus.ru,fd46475b,
logist@elsyst.ru,97d7bdea,
no@mail.net,388252,
klimov.ev@vingard.pro,2c347c9f,
anna.elcities@mail.ru,0a681414,
2260035@mail.ru,3ca829bd,
shahta75@rambler.ru,188933,
y.shirshova@svetberi34.ru,5e13d65c,
barion-sib@mail.ru,88c10468,
n_kor@expoelectro.ru,54458bfa,
aikarpenko_1971@mail.ru,965854,
yu.yarushnikova@ekf.su,796305,
sorokin@ses220.ru,fea1d868,
morozov@rosenergochel.ru,96b0475c,
login,password,
narycheva@td-antel.com,73c07aa4,
a.molotkov@energo-plus.com,53625494,
1234567lnv@gmail.com,c41078db,
energo_souz@inbox.ru,8a575222,
eduard.elcities@mail.ru,b52bf8cf,
snegur@tulaavtomatika.ru,21f6ff50,
optelektrotorg3@mail.ru,ae30eb4f,
prom9@pro-com.ru,74c62cad,
td-elkab.iea@yandex.ru,14d1d29f,
l.shamina@energo-plus.com,cc7cf1cd,
artem.korlyhanov@chipdip.ru,46cf239e,
optelektrotorg@list.ru,47e7e032,
optelektrotorg15@list.ru,369419f3,
evgeshka1989@yandex.ru,7b53cb79,
nelmos11@gmail.com,43554b07,
askom-yug@mail.ru,753241,
west_stone@mail.ru,7230c4f3,
rassvet-miass@mail.ru,dbce271c,
vpkvitebsk@mail.ru,0747a489,
prom70@pro-com.ru,c98147e0,
lnataliav@yandex.ru,482077,
tpoi@rambler.ru,moscow,
stromilov_in@e-sbyt.ru,534891,
pozitiv56@inbox.ru,404abf85,
cva@svetoteh.pro,9abe0460,
faleeva@dialelectro.ru,98faf77a,
mva@elsyst.ru,86a9bc64,
2194266@gmail.com,2675b2ef,
mda@holdin.ru,4f2ee614,
matushov@crazyservice.net,a2adc512,
sp_levenok@mail.ru,8b780d10,
zakaz@promtekmsk.ru,f20df449,
sp21@sp21.net,81737ac2,
baksalyar2@mail.ru,1ed8340a,
montag@energo-capital.ru,f0a56a1d,
v.kashtanov@orionr.ru,5b051b25,
omts@pr66.ru,3a88810f,
t579307@yandex.ru,443c3b08,
snab@gkimex.ru,df7b76d1,
info@tzma.org,9f8cf3b9,
79781110102@yandex.ru,f679b761,
aleksandr.dka@mail.ru,eb93b387,
po.promsvyaz@gmail.com,da5e3086,
1234567lvn@gmail.com,efc376ae,
zakup@tradeplus.ru,63338760,
feniks_nsk@inbox.ru,b8f08020,
info@i-e-m.ru,3c78d58f,
chebunina_ga@bur.e-sbyt.ru,781883,
fedorova_ap@e-sbyt.ru,3ba54485,
p.korolkov@ans-group.ru,hy6zo6ra,
766170.promsnab@mail.ru,422669cd,
eduard@teslagroup.ru,d79eaad5,
ufarkin@sveto-tehnika.com,ad857bc7,
aneg-energo@yandex.ru,35ce9cec,
borshhov_dv@e-sbyt.ru,aa2c098a,
ets63@yandex.ru,1921b354,
pt-mk@mail.ru,b90fe6a8,
eurosvet@mail.ru,euro2135,
8934659236@mail.ru,d6456b23,
dorozhkina@promkabel.su,423c0afa,
250935@mail.ru,61b2d16f,
eeskem@mail.ru,55f72e9f,
hihol08@mail.ru,3f74ff40,
roldugin@urbexgroup.ru,86fa370b,
vvekrsk@mail.ru,317190,
stsstan33@mail.ru,d9adf24a,
biznes_snab@mail.ru,c20f5fda,
993220@mail.ru,535829,
a.bukreev@te-sip.ru,6ca34c9a,
perittver@yandex.ru,206348,
svetlanatdasr@mai.ru,2841d8b7,
m.kazmin@ekf.su,8e978155,
503@vizit-elektra.ru,e979d717,
avpanevin@yandex.ru,0c5a4b60,
elekland@mail.ru,241187,
lipartiya_ve@exp-project.com,fefa8490,
elektrosvet@bk.ru,a9771faf,
stanislav@cpumem.ru,1648791f,
pavel.cheremiskin@esplus.ru,385623,
pevnev@melectrospb.ru,3041ae91,
director@energo-plus.com,668ed81b,
kaa-elektro034@mail.ru,b595e0cf,
tpoi@rambler.ru,moscow,
9039380530@mail.ru,5d2b357c,
mhandogin@optelektrotorg.ru,f5739539,
pavlinov@ges.com.ru,1821b548,
kuzhelevich@electrotss.ru,1dbb80de,
standart-energo@mail.ru,855ce315,
ikesmsk@ro.ru,7de2b76e,
sibesys@gmail.com,70f7702b,
snab@oltek.ru,me8fy3mo,
va@oltek.ru,na7cafat,
vit-korolev@mail.ru,ly1jugok,
329797@mail.ru,b43c2f1a,
sales@electrosystem.ru,1ade3942,
zakupka-alfa-impuls@mail.ru,3809e25b,
vnmakarov1@mail.ru,0910c596,
maxidom_alex@mail.ru,0b82a0ad,
energobaza@mail.ru,1354e3cd,
dv@asv-tech.ru,cf8225a2,
yug-vlg.snab@mail.ru,d5c3b46b,
yug-vlg@mail.ru,cb8ec1c9,
promkabel@angara.ru,1debddb7,
shigabetdinov@ulenergo.ru,94d65213,
soft.10@mail.ru,36571864,
