login,password,marketing tab availability
ramazan.1@bk.ru,727ee032,
5463218563@mail.ru,2c51fb7d,
kea_34@mail.ru,c5a93cf1,
3888186548@mail.ru,3adb10af,
9374756825@mail.ru,ec2aae7e,
2875283758@mail.ru,42233f50,'"Marketing" tab isn''t available'
kv@cem73.ru,590474,
kav@otbig.com,928288,
office@khazar-service.com,720709,
alexrapey@mail.ru,b863b05a,
ekimov.elsvet@bk.ru,ca2jymad,
dmitry_zholobov@titr-energo.ru,ka4gypyq,
uniteh-zakaz@li.ru,rostov,
vburnysheva@u-energo.ru,05252c3a,
560181@mail.ru,123,
maltsev_rv@el-com.ru,a6ca46a6,
andrey.shpilev@tesli.com,jo7to4mu,
yulukina@snab-mail.ru,we3buxen,
dmitriy.fsc@mail.ru,381067,
manager@enprof.net,bc92849c,
electr@optorg.ru,13d62031,
kaminski@crazyservice.net,112a331e,
maxim.perepelyak@art-electro.com,820466,
nikita@elektromarket.su,0a39c2a6,
abramkin.s@vtp-inz.ru,ni5xo1ra,
l.zhuravleva@svetberi34.ru,77a4b657,
550a@bk.ru,161bda15,
105@elekmir.ru,05e61c36,
nigmatzianova@elecomt.ru,307321,
ip_buravleva_as@mail.ru,du8pawoc,
atlas.ru@yandex.ru,'4,6735E+042'
s@eltsnab.ru,d0ceb7f7,
sergey.saenko@elhold.ru,53b04c39,
elitmontag67@bk.ru,e61fc26b,
smo10@ekos2.russvet.ru,e4a20767,
shishmarev@inter-plus.ru,fd46475b,'"Marketing" tab isn''t available'
kuldik_a@mail.ru,922375,
nemgirova@torels.ru,ae615cf0,
kondratenko.dv@mail.ru,585285,
n.mamina@gqe.kz,641622bd,
t.novikova@emk-perm.ru,825329,
an@region-snab.com,3c966087,
logist@elsyst.ru,97d7bdea,'"Marketing" tab isn''t available'
posidelova@mmrostov.ru,ddbb27c0,
di@lsk-energy.ru,6d08d233,
mdenshchik@eburg.etm.ru,329ee77d,
qwert_ann@mail.ru,gu2qemek,
ysalyp@netlab.ru,db21eee5,
office@220energy.ru,848531,
01infiniti911@mail.ru,eaf9e60d,
drevkov@etm.ru,456123,
38197338@mail.ru,jy0vu0gy,
box-354@tcmail.ru,9d24194c,
zalina_kr@mail.ru,133673,
y.trofimchuk@domax.by,b486d6bc,
9245928365@mail.ru,ae958d96,
obiryukova@msk.etm.ru,661b6be8,
vdv@specnku.ru,38a389a7,
kimadieva1991@mail.ru,altusia1995,
724770@mail.ru,d76886c6,
ghessi@rambler.ru,pu7wajos,
gt147852@yandex.ru,c50c0789,
veles.kam@mail.ru,e665a7c5,
babaev_rg@etm.ru,ci9fu2sa,
rilishaev@msk.etm.ru,28a792ea,
zakaz5-ef@yandex.ru,pe5ki3ka,
rne@nk-nw.ru,4b75ecbb,
himchenkoav@mail.ru,260eed20,
r64@radiodom.ru,a984d577,
k.drozd@av.lc,so1ho6zo,
kurilov@svsrv.ru,qi7jo0le,
fatihov.ainur@mail.ru,587754,
tishko@elecomt.ru,780906,
skosyakov@simost.ru,ece5a658,
alisher-11.12@mail.ru,252381,
bks@kessnab.ru,cac88c99,
d.mnatsakanyan@erodav.am,ma8du9fe,
ahotenova@mkelektro.ru,6a74babd,
petrova_ei@rusklimat.ru,po0xivof,
dar-steel@yandex.ru,8cd8a082,
smo@tambov.russvet.ru,377879,
ip-tsys@yandex.ru,li1jukuq,
eas@lsin.ru,sy8la3hy,
no@mail.net,388252,'"Marketing" tab isn''t available'
deryagin@ts39.ru,123123,
mz4@rst-etk.ru,119932,
klimov.ev@vingard.pro,2c347c9f,'"Marketing" tab isn''t available'
blondness@mail.ru,a87f5d2e,
meshkova_marina@ugtehelektro.ru,123,
iyurko@mkelektro.ru,846635,
sms_npoes@mail.ru,wi6wonyq,
a.falchenko@krdelectro.ru,69deb6e8,
mamuli.gagua@leroymerlin.ru,05a49099,
olgaomskcity@mail.ru,138624,
mz3@rst-etk.ru,aa2e6c74,
konipo@mail.ru,0b7482a1,
s-tokareva@mail.ru,271656,
2404@pkf36.ru,vo1wyber,
marineys1@yandex.ru,fe3ri8wu,
electronva@mail.ru,f2827d3c,
v.drozhzhevkin@krdelectro.ru,sy3ly2fa,
estefanovich@etm.ru,52f0710b,
anna.elcities@mail.ru,0a681414,'"Marketing" tab isn''t available'
nebeluk@vegosm.ru,930042,
89135441111@mail.ru,ee6a0dd1,
Sergeeva.Anna@luis.ru,trqpn7ws4,
artak.tazayan@mail.ru,f5d7ba72,
yahno1@mesgroup.ru,03b35323,
electrokomplect69@yandex.ru,b8f7d4ed,
kr@km-elektro.ru,443629,
revkov_dv@etm.ru,d55bad22,
snab@atis29.ru,sy2furej,
altor-sale@yandex.ru,894801,
094888118@mail.ru,9dcfa9b8,
anna.voropaeva@maxipro.ru,7642dae7,
leilia.shamsutdinova@leroymerlin.ru,3a39ef50,
a.abramov@svetberi34.ru,lo1te5zi,
klitvinova@snab-mail.ru,aefabc8e,
alexandra.borodenko@leroymerlin.ru,e358f044,
ekaterina.buhtiyarova@tesli.com,5689ba09,
electr@optorg.ru,fc54d014,
kurakulova_ad@etm.ru,2e10d7e7,
n.poluektov@alians-k.ru,73fccd20,
intercabelmarina@inbox.ru,357869,
zoe@nknw.ru,d6555e9c,
svet@elektromarket.su,c2780177,
zel@alterteh.ru,777,
rfahretdinov@eburg.etm.ru,4270252c,
2260035@mail.ru,3ca829bd,'"Marketing" tab isn''t available'
shmachin@s-5.ru,123,
romanova-ccm@bk.ru,8db5b752,
8758935698@mail.ru,235f7e1c,
lisaeva@lpower.ru,864188,
vedenkina.ma@mail.ru,bdb1b0d8,
palnik70@mail.ru,2a661281,
evgeniya.gorbunkova@tesli.com,152994,
entu-ufa@mail.ru,1c1a80a2,
hugaev1@ya.ru,349723,
radishevskiy@avselectro.ru,bae2f917,
snab1234@izemi.ru,99596b44,
omts@elekmir.ru,347825,
chernousova_ea@el-com.ru,168192,
sav@lsin.ru,271d4ea8,
1712427@mai.ru,9cd396f2,
stroyka.sv2@shar-opt.ru,46ee0bcf,
olonkova@ra-nn.ru,642185cc,
iv-electrolux@yandex.ru,7f4c3c43,
electroset-shop@ya.ru,974118,
shahta75@rambler.ru,188933,'"Marketing" tab isn''t available'
e.dovgal@krdelectro.ru,edc45e8f,
zakupka@tdm-e.ru,bae884c6,
zakupki@enprof.net,82b9c0a6,
1avshadrina@snab-mail.ru,4a25b1dc,
aleks@pklavr.ru,669ebbb8,
y.shirshova@svetberi34.ru,5e13d65c,'"Marketing" tab isn''t available'
rs33@ya.ru,ce395420,
admin@nrg2b.ru,3c21c0d9,
snab4@elomsk.ru,se8be4ty,
batykovaa@mail.ru,643304,
viktor.guts@lampa.ru,d5471f23,
KlyuevMM@lighting-gr.com,615176,
barion-sib@mail.ru,88c10468,'"Marketing" tab isn''t available'
tranova@mail.ru,b47c11bb,
erubtsov.sl@mail.ru,14b1f0fd,
alibek.shamedenov@euroelectric.kz,620142,'"Advertisement materials" in "Marketing" isn''t available'
shuralt@gmail.com,550981,
too-mir@mail.ru,7efb980e,
n_kor@expoelectro.ru,54458bfa,'"Marketing" tab isn''t available'
gevorkgevork@mail.ru,04fa679a,
gpogonina@mail.ru,481d3844,
aikarpenko_1971@mail.ru,965854,'"Marketing" tab isn''t available'
portelectro@mail.ru,d655b229,
d.fedenkova@elektro.ru,8da8d914,
yu.yarushnikova@ekf.su,796305,'"Marketing" tab isn''t available'
otvalko@pklavr.ru,d00186b1,
e.yudina@alians-k.ru,3ecc9149,
sorokin@ses220.ru,fea1d868,'"Marketing" tab isn''t available'
dima220v@mail.ru,123,
keg@ek45.ru,ccf95beb,
uralcontakt@mail.ru,643238,
morozov@rosenergochel.ru,96b0475c,'"Marketing" tab isn''t available'
kdv1505@list.ru,fe9lyweq,
ygerasimova@etm.ru,61a527c9,
snab3@tl-electro.ru,916062,
churabo.dmitriy@luis.ru,za3rekuc,
vav@sksenergo.com,821307c8,
elekomneftekamsk@mail.ru,446381,
rd4@rst-etk.ru,pe0qe1po,
andreev@forumgroup.spb.ru,a3a8d8c4,
v.kremenevski@sissol.ru,37f43700,
zhassulan67@mail.ru,84f21163,
pavlov@electra-m.com,qo9we9ny,
e.popaz@krdelectro.ru,ec181bdc,
alexey.zubarev@bigpro.ru,pi9qubew,
santex_man@ek75.com,145114,
magel@metel.pro,e3e3f6e0,
elena.b@molottok.com,e803cdc4,
kts@aksprom.ru,le4dijed,wrong password
login,password,marketing tab availability
knyajeva@elektro.ru,16639,
electro@lipetsk.ru,8b436cf1,
electrica05@mail.ru,d9b59df8,
tarasov@spectr-electro.ru,3dccc5ec,
sys_pb@mail.ru,05bc1168,
orissa73@mail.ru,8ea79f5b,
mrk4@rst-etk.ru,go9vo4my,
12345123@mail.ru,a78811aa,
tsehina@uniel.ru,f11e325f,
ehindeev@eburg.etm.ru,b6d3bea9,
zemceva@t-vvk.ru,3f46180d,
turshatova@toledonn.ru,36fe3214,
kuku_n@mail.ru,4fa5f804,
mpso@sknovosibirsk.russvet.ru,1bb8d7e0,
le48_yuri@mail.ru,33d0bf23,
mihail220v@yandex.ru,866846,
isvmagna71@gmail.com,0213dbb4,
safonov@voltekgrupp.ru,jo7mu0qu,
Elektru19@yandex.ru,9210f2e8,
alisherskater23@gmail.com,868745,
chek@favorit-el.ru,bc6a096d,
rtolga@inbox.ru,405606,
23456563@sdka.df,da772aac,
elekt@klondaik-center.ru,887f3806,
ershov@its-group.msk.ru,8da329a9,
smi_spb@bk.ru,ve1hi0ta,
alex@tehnikplus.ru,d3b4460c,
kuznetsovsg@mireksdv.ru,123,
dmitriy@tse46.ru,845531,
sov.dom34@mail.ru,d190f519,
shamraj_jv@etm.ru,pi2mo3my,
garmash@electroset.ru,d711d634,
alexey.patrakhin@forumgroup.ru,5c9effa7,
124@ugtehelektro.ru,a8519779,
tes@kkirov.ru,747437,
srykova@snab-mail.ru,se1metic,
s.toptygina@gmail.com,15d558ef,
efilippova@rnd.etm.ru,441062,
luchshev@202020.ru,802034,
vostok3@urs.russvet.ru,cd69863f,
yaroslavtsev.1972@bk.ru,hu1wifux,
luzanova@alians-k.ru,d3f89904,
a.biya@triagroup.ru,c122a1d7,
ibykova106@yandex.ru,13d33b4b,
ivanov@emk-perm.ru,437426,
gpogonina@mail.ru,540565,
reklamation@snab-mail.ru,na6loxyt,
eltorg@yandex.ru,225959,
fedorova_uv@etm.ru,zi3se8me,
yusinelnik@sdvor.com,ma6zulyc,
nazarova.mayak@mail.ru,419976,
stanislav.belonosov@tesli.com,ja0kigag,
apyko@rnd.etm.ru,8401c4da,
kornev@must.su,185620,
r163@radiodom.ru,326011,
sfera08@yandex.ru,912712,
lex.mpm@gmail.com,5dcb161e,
elvs@inbox.ru,0ffcbc28,
lukyanov@rst-etk.ru,290617,
rodion.b@molottok.com,jo2lo5ke,
bel-promenergo@yandex.ru,385894,
etssa69@gmail.com,19990a87,
v.veryutina@ekf.su,50a9bff5,
d.belovolov@krdelectro.ru,fe1fe0lu,
narycheva@td-antel.com,73c07aa4,'"Marketing" tab isn''t available'
d.korkishko@sks-acs.ru,za0cefap,
zelenskay@alterteh.ru,c277e116,
reva_ip@etm.ru,ri2rezik,
kf@tk-el.com,3801ba56,
mtoelektrolider@mail.ru,ne5sukok,
e.pivovarova@nuton-electro.ru,ty5du2di,
nesterova@elecomt.ru,fa3c1f9e,
zakupki@energo-don.ru,ny7fagof,
ayaroslavtseva@snab-mail.ru,so7pyhar,
e.arshinov@nnov.forumgroup.ru,4b04690c,
a.molotkov@energo-plus.com,53625494,'"Marketing" tab isn''t available'
dpushk@gmail.com,a854593b,
m2@region-snab.com,bc41401a,
anikeev_a@bk.ru,de7pu6fy,wrong login or password
kirill.grachev1@maxipro.ru,c136a8cc,
chernopenova_oi@etm.ru,ri2lifis,
dia@euroet.ru,su1zyzyg,
yakubovih@adelaida.ru,45ee8203,
zhitov.d@sibelkom.ru,555804,
forsova@spectr-electro.ru,256ee491,
9123974987@mir.ru,cb8b5f9e,
dirpro@rtk35.ru,te2heteb,
va578@mail.ru,3a50f5da,
ilia1@bk.ru,8968962b,
dmitry.batalov@rubilnik.ru,c62ff8c5,
1234567lnv@gmail.com,c41078db,"Marketing" tab isn't available
alexandr.badosov@lampa.ru,171410,
k.ilona@krdelectro.ru,db5ec141,
hrunova@toledo24.ru,510771,
4951117@mail.ru,800432,
pab@sksenergo.com,cd1b065d,
d.sofronov@euroelectric.kz,e6ff3d2e,
lapshina_ev@el-com.ru,801697,
dvyuhin@msk.etm.ru,923dde7f,
svv@pklavr.ru,67b13a05,
nurlife@mail.ru,b5234b53,
aronov_ps@el-com.ru,3f4f8d29,
dtelepin@etm.ru,220f4734,
zav@escab.ru,460438,
ryadnov@mmvrn.ru,d9830484,
energo_souz@inbox.ru,8a575222,"Marketing" tab isn't available
yulia-vesia@mail.ru,d67cd119,
victorycorp2018@mail.ru,0545cc56,
romanvf_kz@mail.ru,586118,
kaminsky_n@mail333.com,123,
semenenko@euroet.ru,c248379e,
m7@p-el.ru,93b2cde0,
siblight54@gmail.com,526889,
ozherelyev_de@el-com.ru,23fb6620,
m.belosokhova@baltenergomash.ru,94f41474,
lt@lsk-energy.ru,171902,
oleg.shabalin@leroymerlin.ru,a17c8653,
dima70@surgut.ru,078bcd05,
rusy1310@mail.ru,b60ad95e,
O.Gileta@elektro.ru,168306,
md@km-elektro.ru,910665,
kurbatov@mmsaratov.ru,420083,
sales@profdistribution.ru,1c1b19aa,
wallbrit@yandex.ru,a3324c72,
snab109@izemi.ru,5b23de39,
tatyana37iv@inbox.ru,6aa5e199,
skonyushenko@msk.etm.ru,6cee60a5,
bolotin_sa@elekkom.ru,beedae26,
artem.sidyakin@tesli.com,123456,
ebelyaeva@rnd.etm.ru,601439000,wrong login or password
lp48_snab@mail.ru,6b4c7355,
aigul_zh85@mail.ru,305868,
harchenko@202020.ru,545762,
apetrova@pr-etk.ru,pav01071506,
roman.mankov@elcentre.ru,9c6f1ef9_2,
snab11@sparta-stroy.ru,6b087aca,
alex@st39.ru,ze3my5to,
m.kosov@triagroup.ru,807011bc,
tdomegal@mail.ru,a9fe5605,
glazkov@russvet.ru,0972b4c6,
eduard.elcities@mail.ru,b52bf8cf,"Marketing" tab isn't available
aefimovskiy@russvet.ru,294711,
snab9@sparta-stroy.ru,02f1fc44,
karenkocharyan23@mail.ru,56442d81,
akrjukova@zaoemtika.ru,552aac58,
dergunov@mmvrn.ru,489373,
snegur@tulaavtomatika.ru,21f6ff50,"Marketing" tab isn't available
islebedev@nsk.etm.ru,b34ba27c,
r52@radiodom.ru,af70a287,
slava@rubilnik.ru,58507f7f,
optelektrotorg3@mail.ru,ae30eb4f,"Marketing" tab isn't available
klimenko_valentina@ugpromelektro.ru,cdbab795,
berezina@ekt.sbat.ru,923611,
leschanskij@minimaks.ru,9da3e9ec,
optufa2@yandex.ru,re4ko1go,
44449@mail.ru,411ea0b1,
klimat@elektromarket.su,c5df2e15,
dareshkin@msk.etm.ru,'9,wrong login or password
elena333-82@mail.ru,ae10907c,
brn@202020.ru,ed872aac,
tlafutkina@zezelectro.com,831c70d2,
NAKonyshev@18ets.ru,ca48a320,
iuustinovich@snab-mail.ru,30f621e4,
tatyana.moskalyova@forumgroup.ru,508757,
roman.tyutyaev@bigpro.ru,7d4f197b,
293847987@mail.ru,4cc8bf5c,
nurelectro@mail.ru,6c8d5ac2,
schks@mail.ru,d5a3e80b,
rkamaletdinov@samara.etm.ru,94e0f3be,
e.kruchkov@top-energo.com,a942758f,
logist@alampa.ru,pa4kutap,
maxissm@yandex.ru,eb9181d2,
miromanov.aleksey@bk.ru,872538,
berezina@ekt.sbat.ru,905883,
puninskiyab@spectr-electro.ru,08749c50,
n.kalashnikova@svetservis.com,na7cuzyb,
blablabla666@rambler.ru,9c16456b,
prom9@pro-com.ru,74c62cad,"Marketing" tab isn't available
dubinina.e@ellerium.ru,b0b42557,
ddolbnev@vld.etm.ru,1b99844a,
ustinov@enprof.net,693084,
kse@ie33.ru,py1momev,
ivbreus@mail.ru,78b5627e,
eu-ufa@mail.ru,mi2sibus,
gantumur@novatek.mn,74c6ceb2,
v.efremenkov@elektro.ru,740550f4,
eralina.89@mail.ru,eralina321,
electrocity02@mail.ru,649186,
electronva@mail.ru,a947ad49,
k.kuzovenko@elektro.ru,584884,
andr3@tut.by,663931db,
imtekselectro@mail.ru,589159,
rkozlov@spectr-electro.ru,766595,
donelektrotorg@mail.ru,859ceb3a,
elkmv@mail.ru,737046,
a.podskalniy@nnov.forumgroup.ru,e57e09f0,
td-elkab.iea@yandex.ru,14d1d29f,"Marketing" tab isn't available
gpogonina@mail.ru,b03e33de,
ryabaeva@mail.ru,me6waqih,
l.shamina@energo-plus.com,cc7cf1cd,"Marketing" tab isn't available
kraft-68@list.ru,e1adcfd1,
elektsila@mail.ru,1154dc83,
artem.korlyhanov@chipdip.ru,46cf239e,"Marketing" tab isn't available
pacificatom41@gmail.com,364b779a,
fatima@rimgroup.ru,10b08ea1,
olga.vasilkova@lampa.ru,37d06d96,
makurin_as@el-com.ru,647314,
pavlinov@metel.pro,0a2a7ac8,
atashlykov@elcn.ru,9acb3868,
techlijht@mail.ru,123,"Advertisement materials" in "Marketing" isn't available
omtc@shela71.ru,6b883e8c,
gorinov43@yandex.ru,567660,
vavilinats@mail.ru,91f03c89,
optelektrotorg@list.ru,47e7e032,"Marketing" tab isn't available
d.laktionov@forumgroup.ru,533824,
optelektrotorg15@list.ru,369419f3,"Marketing" tab isn't available
alpf@alpf.ru,a0146acb,
eltrade-zakaz@ya.ru,916840,
energymax@mail.ru,423026,
evgeshka1989@yandex.ru,7b53cb79,"Marketing" tab isn't available
dmitrii.moor@tesli.com,de0ce45f,
ilchenko_ve@etm.ru,2c6f031e,
iavgrsh2019@gmail.com,ba7beguq,
nelmos11@gmail.com,43554b07,"Marketing" tab isn't available
k.volkova@elektro.ru,956ca4af,
askom-yug@mail.ru,753241,"Marketing" tab isn't available
karaseva151280@gmail.com,nu7zo9xu,
amadaev@rimgroup.ru,273d54e8,
naymushin@rosek.ru,701060,
rtolga@indox.ru,lo9bo6ja,
d.gerasimov@sybkom.ru,b4e1b27f,
box-142@tcmail.ru,0a10cb75,
elephant1987@mail.ru,b00ceda9,
wolframbel@gmail.com,a4fb9608,
Chaban.Dmitriy@luis.ru,9efsdbw2,
berezina@ekt.sbat.ru,488893,
lukovnikov@energosf.ru,5af56c1b,
baklanov@metel.pro,7e8a964d,
electross@gmail.com,0e8d211f,
redlightelectro@gmail.com,'5,wrong login or password
west_stone@mail.ru,7230c4f3,"Marketing" tab isn't available
kobert.nastya@mail.ru,2ce7a598,
nastia37@inbox.ru,943326,
rassvet-miass@mail.ru,dbce271c,"Marketing" tab isn't available
pav@aengineering.ru,234d26a9,
unimate@bk.ru,5c5c14a8,
shmachin@s-5.ru,la8niwut,
oshalaeva@snab-mail.ru,mo0no4me,
sale7@04kv.ru,mi2wumuz,
avyas@mail.ru,916901,"Advertisement materials" in "Marketing" isn't available
vahtang@avs.by,co7cu4zi,
lyubov.chaplygina@tesli.com,co5karog,
alabzhinov@s-5.ru,119980,
mircond@mail.ru,01deb937,
shmachin@s-5.ru,wi3mi1ko,
vpkvitebsk@mail.ru,0747a489,"Marketing" tab isn't available
isinodalnova@elcn.ru,ji8sy4hu,
dima222vasilev@yandex.ru,865778,
antonova.e@elecomt.ru,908524,
eremeeva_aa@etm.ru,844818,
prom70@pro-com.ru,c98147e0,"Marketing" tab isn't available
morozova@spectr-electro.ru,985718,"Advertisement materials" in "Marketing" isn't available
vaschetinin@c-s-k.ru,mu5to4hu,
logist@nev-electro.ru,ja5ho2mo,
panko_a@etprom.by,768cf13e,
lnataliav@yandex.ru,482077,"Marketing" tab isn't available
matveev@tdemir.ru,447211,
mik7-79@mail.ru,xy0pygyp,
petrov@sv-line.com,ry9my3ci,
tpoi@rambler.ru,moscow,"Marketing" tab isn't available
rinat.seradzhinov@gmail.com ,966817,wrong login or password
info@electrocity.pro,47a7d020,
1614099@ankron.by,ae77ac20,
voltmarket@bk.ru,964369,
rsivashov@mail.ru,1b3d1afa,
inkara@gqe.kz,9c052e7e,
marketolog1@el-optim.ru,612047,
ivan.z@molottok.com,ma3my7ti,
info@pwtenergo.ru,1023c540,
sss@plcsystems.by,te2ha8nu,
kuznetsov.mihail@luis.ru,706b51cf,
v.zorykov@sst.ru,41c70583,
v.kuzmina@sst-em.ru,213a1342,
l.podluzhnaya@sst-em.ru,0ed39193,
r.kadyrov@sst-em.ru,cada282d,
gordienko_olga@ugpromelektro.ru,59a2f8b4,
kochurin@elektro.ru,3399aa9d,
shmachin@s-5.ru,123123,"Advertisement materials" in "Marketing" isn't available
stromilov_in@e-sbyt.ru,534891,"Marketing" tab isn't available
balama_e@mail.ru,b0351350,
agudilihin@msk.etm.ru,e9b8a74c,
pavvelk@mail.ru,f8cf7306,
osipenko_pa@1,cd7b6f99,
nmaskaev@tula.etm.ru,d01268b7,
rustam_xon85@mail.ru,971f9d5d,
kts@nknw.ru,9ffbf7ad,"Advertisement materials" in "Marketing" isn't available
imurashkin@inbox.ru,b2d4de6c,
rez1@elars.ru,90e39416,
s.omarov@euroelectric.kz,mo1qasat,
kortel@spectr-electro.ru,669713ce,
pozitiv56@inbox.ru,404abf85,"Marketing" tab isn't available
eakulov@electross.net,210126,"Advertisement materials" in "Marketing" isn't available
stavropol@darenergo.ru,4610336a,
g.voitenko@electroff.ru,do9hu4li,
cva@svetoteh.pro,9abe0460,"Marketing" tab isn't available
gorshenkova@nnov.forumgroup.ru,e5aa7690,
t.pestova@nnov.forumgroup.ru,a9e82a70,
zhelomskaya@promeco.ru,10b4c3c7,
elektrotorg2019@mail.ru,88743122,
podyzbina.yulia@gmail.com,ed504bd5,
faleeva@dialelectro.ru,98faf77a,"Marketing" tab isn't available
faleeva@dialelectro.ru,2aed58f2,
tat72220525@yandex.ru,457882,
batsuren@myecolit.com,0fccc595,
a.lebedev@nnov.forumgroup.ru,886246,
a.zaytsev@alians-k.ru,61c53a4f,
mva@elsyst.ru,86a9bc64,"Marketing" tab isn't available
vasileva.n@toledonn.ru,a1d7ca31,
v.potapenkova@i-tech.su,79ccc727,
klimenko_valentina@ugpromelektro.ru,804657ba,
morozova@gektor-nsk.ru,abf1205f,
ivl@el-power.ru,57c1a9f5,
p.filin@el-power.ru,f631dafb,
tychkova@russvet.ru,110e5e13,
kasatkin@avr-electro.ru,d87b2f32,
ooo-des@mail.ru,2a4b62de,
sferael@mail.ru,krasnodar,"Advertisement materials" in "Marketing" isn't available
info@ts39.ru,aa406ea7,"Advertisement materials" in "Marketing" isn't available
electroset_amur@mail.ru,50d33717,
bobylev@elek-em.ru,ry1pu1mi,
tarasov@elek-em.ru,ta8zo5ce,
shagerov@elek-em.ru,ru6zykur,
maney@mail.ru,su9vuloc,
asokolova@snab-mail.ru,924800,
tulsky_am@etm.ru,c9550b66,
Aleks_perm@bk.ru,9ae5d2b7,
2835692836@mail.ru,28a6a4b0,"Advertisement materials" in "Marketing" isn't available
503250@bk.ru,994196,
olga.lashina@tesli.com,'7,wrong login or password
2194266@gmail.com,2675b2ef,"Marketing" tab isn't available
omts@p-energo.ru,109085,
hozdvor.el@mail.ru,f888c3e6,
mda@holdin.ru,4f2ee614,"Marketing" tab isn't available
allru76@yandex.ru,5eb31dea,
ionos@ionos.ru,62e46829,
grossell.opt@yandex.ru,40b028b0,
oleg@emi61.ru,5e06116e,
denisov@202020.ru,0ef5d322,
anfalova.ulyana@yandex.ru,26a25ec3,
matushov@crazyservice.net,a2adc512,"Marketing" tab isn't available
sp_levenok@mail.ru,8b780d10,"Marketing" tab isn't available
nursultan446@gmail.com,'2,wrong login or password
ksa.ramil81@gmail.com,a4cd95a1,
d.fedenkova@elektro.ru,78f6d033,
alabzhinov@s-5.ru,123,"Advertisement materials" in "Marketing" isn't available
officemsk@list.ru,60beb543,
7m7m@mail.ru,c238a346,
bogatkina_va@etm.ru,je1ku7ju,
chel@etc-pertner.ru,419e6195,
anton.korovkin@art-electro.com,cd33200b,
126@ugtehelektro.ru,52833a74,
1ebutorina@snab-mail.ru,4a53faa8,
zakaz@promtekmsk.ru,f20df449,"Marketing" tab isn't available
a.simancheva@svetservis.ru,c36d2398,
ivp@el-power.ru,511774,
vvg@alterteh.ru,672088,
glight2011@mail.ru,vi1kexiw,
mpak@simost.ru,4c11f356,
o.voronova@vtp-inz.ru,ri7fi9ji,
BoboshkoAE@lighting-gr.com,7f8ae020,
ekb@etc-partner.ru,be38e4d4,
boa@voltekgrupp.ru,ce8saqab,
per3gudowa.o@yandex.ru,co9fiwal,
001@amkt.ru,b09bf44a,
tereshchenko@euroet.ru,gi2we1ko,
emikheeva@elcn.ru,no3ra5qu,
gladikova_ma@etm.ru,py9wuduv,
sp21@sp21.net,81737ac2,"Marketing" tab isn't available
no@mail.net,2a53bcfb,
te@tdkon.ru,nu0bywun,
or@ural-electro.ru,5afb7776,
redfost.snab@inbox.ru,wu1rywav,
petrova_aa@etm.ru,hy8hi8ty,
fomina@mmve.ru,280953,
mfilatov@u-energo.ru,6c348e86,
avsoyz@gmail.com,176067,
220_77@mail.ru,186562,
baksalyar2@mail.ru,1ed8340a,"Marketing" tab isn't available
montag@energo-capital.ru,f0a56a1d,"Marketing" tab isn't available
teterev.sl@mail.ru,949125,
a.kosachenko@sfplus.ru,gu2cunag,
a.vlasov@sfplus.ru,gy7culop,
5642139565@mail.ru,29a045b2,
baiselkg@inbox.ru,505149,
126@ugtehelektro.ru,84228c34,
sorokina-eksi@ya.ru,63907686,
9823479283@mail.ru,23a936f2,
v.kashtanov@orionr.ru,5b051b25,"Marketing" tab isn't available
23423432432@mail.ru,16925091,
nshirokova@etm.ru,5e5998f9,
8937592836@mail.ru,7bc64bbd,
9329856239@mail.ru,178e9ab1,
r.bondarev@ekfgroup.kz,1d6c6041,
shapovalov-p@elektro.ru,wy6vapoj,"Advertisement materials" in "Marketing" isn't available
aldar@zalan.su,159263,"Advertisement materials" in "Marketing" isn't available
omts@pr66.ru,3a88810f,"Marketing" tab isn't available
201391@energosfera.ru,249471,
stoianovsf@mail.ru,fb513b21,
nsolodova@smara.etm.ru,7ed4c222,
mikhail.vanteev@tesli.com,3354065c,
travell@bk.ru,cc4011ab,
nku@shela71.ru,b39e786a,
t579307@yandex.ru,443c3b08,"Marketing" tab isn't available
energoprom70@mail.ru,6b5b069e,
ty@terra-yug.ru,31c9ce67,
afi280984@yandex.ru,499443,
maslova_84@mail.ru,263,"Advertisement materials" in "Marketing" isn't available
martynov@cem73.ru,cu4tyvaz,
e.zagurskaya@tdarsenal.ru,b9e9c1a9,"Advertisement materials" in "Marketing" isn't available
dchupin@snab-mail.ru,dchupin,
profsnab46@yandex.ru,ho3du1ge,
etu.ufa@mail.ru,wy6ga5gu,
eldar.orujev@gmail.com,je5sifax,
sae@lsk-energy.ru,mi0zexih,
snab@gkimex.ru,df7b76d1,"Marketing" tab isn't available
G.Serikova@elektro.ru,75064,
km2@rst-etk.ru,vy1ty9ne,
av@consteel-electronics.ru,9e2c9571,
max_vernov@inbox.ru,756321,
info@tzma.org,9f8cf3b9,"Marketing" tab isn't available
sergey@hozopttorg.com,0c0752b3,"Advertisement materials" in "Marketing" isn't available
sergey.kudrin@tesli.com,8a293ca4,
tatyana.gavrilova@tesli.com,970fc500,
eremeeva@adelaida.ru,264921,"Advertisement materials" in "Marketing" isn't available
79781110102@yandex.ru,f679b761,"Marketing" tab isn't available
bykov@lanit.ru,f3405b37,
tyudina@lanit.ru,342360,"Advertisement materials" in "Marketing" isn't available
aleksandr.dka@mail.ru,eb93b387,"Marketing" tab isn't available
info@nku-nsk.ru,dd540fa5,
249587@mf.eu,dbd5fc58,"Advertisement materials" in "Marketing" isn't available
kolbasko_la@etm.ru,zu5pa3to,
a1@amper42.ru,2d61b210,
gsl@mail.kamchatka.ru,270239,"Advertisement materials" in "Marketing" isn't available
4565@sd.sd,c8786154,"Advertisement materials" in "Marketing" isn't available
baza525@mail.ru,db3f89f3,
324234@df.df,445965,"Advertisement materials" in "Marketing" isn't available
marina@uniel.com,28f1fc45,
9986349825@mail.ru,81f38de2,
shtefan.s@acsioma.ru ,dy2qekuq,wrong login or password
netkacheva.y@bk.ru,lu3gu5de,
barya.sergej@yandex.ru,qo7hotuf,
erusskikh@u-energo.ru,7ee10646,
prom-stroi-snab@yandex.ru,cc03ec9f,
nemchenko_86@mail.ru,bf81bfa5,"Advertisement materials" in "Marketing" isn't available
nekrasov@euroet.ru,6cf96d2d,
salnikovaos@garant-grupp.ru,700b6972,
yurchenkoea@garant-grupp.ru,eede18d3,
ikontsept@yandex.ru,67e0ddc5,
ubs-kuban@inbox.ru,693eddb5,
enext@list.ru,9777e24b,
evgeniya.chernova@tesli.com,242110,"Advertisement materials" in "Marketing" isn't available
bgroupelectricity.ltd@mail.ru,a1f44d59,
po.promsvyaz@gmail.com,da5e3086,"Marketing" tab isn't available
d.pushkarev@ekf.su,7f77bb14,
mboluchevskiy@delc.ru,la0jy5ga,
prod3@el-optim.ru,563947,
1234567lvn@gmail.com,efc376ae,"Marketing" tab isn't available
kittenat123@gmail.com,0c20b52d,
e-sale3@sparta-stroy.ru,23a8cad5,
nso@delc.ru,go9ricyt,
dkv@elmax.pro,no0lu8fu,
zakup@tradeplus.ru,63338760,"Marketing" tab isn't available
89161248585@mail.ru,xi9mu7bo,
goloshapov_konstantin@ugpromelektro.ru,c1b13935,
d.semenov@elevel.ru,na1dy0ga,
kik77@rambler.ru,782835cc,
dimads-ankermax@mail.ru,983511,
sadyrev@ural-electro.ru,e5b04ffa,
feniks_nsk@inbox.ru,b8f08020,"Marketing" tab isn't available
i.kanaeva@svetservis.com,dy7zexav,
l.miftahova@enerc.ru,f29698ec,
reguzova@mmnsk.ru,c6117fb2,
mariya@prophsnab.ru,f855441f,
info@i-e-m.ru,3c78d58f,"Marketing" tab isn't available
kutuzova.a@toledo24.ru,ju2gu3tu,
chv.at@yandex.ru,7057bf0c,
m@ehold.ru,pa9pocut,
ehold@ehold.ru,ta2kucuk,
toe@snab-mail.ru,za7ro5lu,
kenaz71@yandex.ru,d9b49745,
chebunina_ga@bur.e-sbyt.ru,781883,"Marketing" tab isn't available
promenergovostok.snab@mail.ru,ny7mizan,
ssp@delc.ru,c67246c8,
goncharov@intercabel.com,780590,
melnikova@intercabel.com,147388,
max.etprom@mail.ru,456123,
v.nurkanov@svetberi34.ru,vo1ke2lu,
ipatov.vyacheslav@luis.ru,ny7moqaz,
fedorova_ap@e-sbyt.ru,3ba54485,"Marketing" tab isn't available
voloschuk@promsdt.by,ru0pu3pu,
andrey.ustyugov.1990@mail.ru,92c141da,
info@axion-electro.ru,bu1gu2so,
etensina@izh.etm.ru,70886959,
newporttbilisi@gmail.com,404614,
g.sattarova@euroelectric.kz,275186,
p.korolkov@ans-group.ru,hy6zo6ra,"Marketing" tab isn't available
nayden@sibav.ru,e8358f9f,
dmitriy.eliseev@tesli.com,72e9aa8e,"Advertisement materials" in "Marketing" isn't available
766170.promsnab@mail.ru,422669cd,"Marketing" tab isn't available
elektro-100@mail.ru,c61f4b0d,
eduard@teslagroup.ru,d79eaad5,"Marketing" tab isn't available
igordrovan@icloud.com,1d02409c,
sergey.german@tesli.com,482a91c1,"Advertisement materials" in "Marketing" isn't available
snab3@silatoka.ru,990114,"Advertisement materials" in "Marketing" isn't available
erodavllc@gmail.com,259526,"Advertisement materials" in "Marketing" isn't available
ohaev@rimgroup.ru,fb626598,"Advertisement materials" in "Marketing" isn't available
info@nku-nsk.ru,dd540fa5,
aryabkov@samara.etm.ru,52678725,
260490.sl@mail.ru,710642,"Advertisement materials" in "Marketing" isn't available
tsaenergo@mail.ru,e9680c56,"Advertisement materials" in "Marketing" isn't available
omts@elekmir.ru,947250,
y.levchenko@ietcorporation.ru,d80eb2ea,
pe-vladimir@mail.ru,690c8e19,
kosmos-astrahan5@mail.ru,e2785795,
9872227344@mail.ru,b00556a2,
mail@roselectro.su,d01f3dbe,
kabel-snab44@mail.ru,af22e0a5,
n.sinyakov@sst-em.ru,896bfd82,
koryakova-s@sst-em.ru,1e0c8331,
m.kuchapina@sst-em.ru,454aabf9,
n.titov@sst-em.ru,fa3357d4,
l.chukhlebov@sst-em.ru,96db36fa,
g.shishkin@sst.ru,ff189e05,
a.romashov@sst.ru,10d6fe9e,
akelkin@cryptor.su,2705d72a,
oes@sks-acs.ru,abb6c15a,
i.scherbakov@krdelectro.ru,3edf975f,
ufarkin@sveto-tehnika.com,ad857bc7,"Marketing" tab isn't available
kva@vizit-elektra.ru,9517fe01,
fmu@k-kirov.ru,qe1de7bo,
rt-kamchatka@bk.ru,3fb7eeab,
antipova_ed@remplanika.ru,vipremplanika33,
aneg-energo@yandex.ru,35ce9cec,"Marketing" tab isn't available
stasyajjj@gmail.com,fdbcc492,
zakupka@k2gruppa.ru,944757,
zakupka@k2gruppa.ru,cf9fc11b,
vorobev.k.d@mail.ru,le9we2ra,
dmitry.udalyi@d7company.ru,9c7e9c35,
bsk56@tut.by,1f0f5457,
zamir.mega@mail.ru,b54e408d,
info@electro51.ru,se3cewoh,
rinchinovc@gmail.com,7db5a236,
olga.salnikova@sks-acs.ru,76d5fba3,
467645757434@mail.ru,ff62dace,
surodinsv@inbox.ru,230162a10,
borshhov_dv@e-sbyt.ru,aa2c098a,"Marketing" tab isn't available
kash513@mail.ru,814479,
electro-55@bk.ru,859410,
a.prozorov@forumtver.ru,246813,
revnov-ekf@mail.ru,414997,
23452@daf.fd,4a6bc156,
ets63@yandex.ru,1921b354,"Marketing" tab isn't available
234234@aaa.aa,29eb7d7d,
psv@aster-metric.ru,c3b5fd5e,
maxim_kru@mail.ru,qi6zapam,
tig.abrahamyan@gmail.com,mo3rejex,
yarotskiy@promsdt.by,ny2segav,
elektro_dv@mail.ru,ecd548dd,
pt-mk@mail.ru,b90fe6a8,"Marketing" tab isn't available
2705584@mail.ru,f5831b07,
udin34@yandex.ru,60b5001a,
165@rkb.ru,b71aff95,
no@mail.net,838638,
eurosvet@mail.ru,euro2135,"Marketing" tab isn't available
elektra393@yandex.com,b5a3f232,
vorobyev@promeco.ru,867196,
avtomatmarket@yandex.ru,b63ec920,
pb@energosnab.ru,c2f8e2ee,
ireutova@tema.net.ru,fy2fy2ke,
s.manuylova@ekf.su,236467,
Myrsalova.n@eltech-a.ru,424650,
energo-alliance@mail.ru,sakhalin,
info@vektor24.ru,75946b6b,
8934659236@mail.ru,d6456b23,"Marketing" tab isn't available
7834592865@mail.ru,b97ba222,
m.karpenkova@baltenergomash.ru,ad3c2705,
alkg.73@mail.ru,9429eab6,
v.smirnova@i-tech.su,82a44c21,
sklad@i-tech.su,ef70f544,
eak2003@yandex.ru,79f8b45b,
dorozhkina@promkabel.su,423c0afa,"Marketing" tab isn't available
t.dyuba@krdelectro.ru,la0te6li,
gogoleva@rosar-l.ru,ka7fowip,
samryk.samryk@bk.ru,ca3hi8we,
250935@mail.ru,61b2d16f,"Marketing" tab isn't available
ex_el@mail.ru,cedd66c3,
electric-04@mail.ru,awdrgyjilp,
sk54@inbox.ru,so4va8be,
g.shvetsov@ekf.su,377533,
eeskem@mail.ru,55f72e9f,"Marketing" tab isn't available
hihol08@mail.ru,3f74ff40,"Marketing" tab isn't available
denis@sibsvet.com,965a5c4d,
rsp@mmrostov.ru,0b6a777b,
nbazina@snab-mail.ru,656042,
roldugin@urbexgroup.ru,86fa370b,"Marketing" tab isn't available
vvekrsk@mail.ru,317190,"Marketing" tab isn't available
zeemanvu@mail.ru,2cf6c02e,
uvdmitriy@gmail.com,d0b20c17,
etu.ufa@mail.ru,803874,
0005725@mail.ru,121744,
aktaufaza@mail.ru,96b13792,
e-sale@sparta-story.ru,57ecbfa4,
kvv@kraskabel.ru,184416,
stsstan33@mail.ru,d9adf24a,"Marketing" tab isn't available
biznes_snab@mail.ru,c20f5fda,"Marketing" tab isn't available
nne@sandy.ru,639913,
993220@mail.ru,535829,"Marketing" tab isn't available
info@amper.club.ru,9f24173d,
pronin09@rambler.ru,597226,
brizickij@mail.ru,775033,
367774@rambler.ru,200b47fa,
galin@p-energo.ru,d77f4c0b,
a.yasinskii@elevel.ru,c5f3a299,
a.bukreev@te-sip.ru,6ca34c9a,"Marketing" tab isn't available
elektroagregatvrn@bk.ru,a28aeffb,
y.suslov@electroff.ru,7a1e4ff5,
eltehset@gmail.com,140604++,
revizor@mkelektro.ru,0e277da9,
elena.jevnova@ep.ru,532b1eab,
EKF.natasha@mail.ru,caceabb4,
blr@euroet.ru,a2b074c4,
perittver@yandex.ru,206348,"Marketing" tab isn't available
ivan.zakurdaev@tesli.com,e5de4ca2,
sergey.melnikov@tesli.com,291496,
jaruslanov@smart-shop.pro,109298,
IrinaVP80@mail.ru,302329,
tehnosvet777@mail.ru,625e0da3,
dditatev@eburg.etm.ru,2438089e,
razumovs@inbox.ru,7c23be51,
sksdostavka@yandex.ru,589980,
info@aktivenergo.by,za5po1ny,
ko@soemi.ru,ry6bo6cu,
chertovich@promsdt.by ,pa5xi9ry,wrong login or password
filipchik@promsdt.by ,ry6wozyn,wrong login or password
emelyanov@promsdt.by ,qe8xa2py,wrong login or password
info@stdp.ru,c1dfbf70,
v.evdokimov@ev-ro.ru,we6nikyg,
e.kromina@electroff.ru,pe5ru3do,
akcent.sklad@list.ru,ra8kikot,
tikhonova.elmz@mail.ru,zy2mi2di,
info@pemlub.ru,mi2cesut,
t.zarickaya@electroff.ru,vy2bazup,
ruzakovan@inbox.ru,vu9qajuc,
ysmirnov-selena@yandex.ru,ti0xe8we,
npof@bk.ru,po3nohuj,
1nklimova@snab-mail.ru,le4zo4zy,
jkz2601@mail.ru,913 9109525,
i.gavrisheva@elevel.ru,be3doxuj,
mtsys@list.ru,sy3se9by,
arsik73@mail.ru,jy6pybik,
ped@vegosm.ru,mo4gy6ci,
e.voronkova@krdelectro.ru,zi1mi9va,
box-12@tcmail.ru,389189,
ekfmongolia@gmail.com,si7za0ze,
svetlanatdasr@mai.ru,2841d8b7,"Marketing" tab isn't available
cd@elektsila.ru,ebc5977f,
m.kazmin@ekf.su,8e978155,"Marketing" tab isn't available
electrosnab05@mail.ru,b4aa1211,
kostina.lubov@luis.ru,su7li8ny,
ksn@kat-electro.ru,da1xy6si,
ok@vsesvetodiody.ru,vy0lydil,
snab@tvelz.ru,bi7moxuh,
tereshchenko@euroet.ru,ke3zynyc,
yuvolkova@snab-mail.ru,sy9zudob,
agileva@snab-mail.ru,745367,
mkelektro@list.ru,e8349f2c,
503@vizit-elektra.ru,e979d717,"Marketing" tab isn't available
janarbekkg@gmail.com,300542,
rygkov@minimaks.ru,bfc2ca11,
makulov@electross.net,805642,
n.lihushina@elektro.ru,ky6xudyc,
redfost@inbox.ru,xu5jo4la,
102@elekmir.ru,2502d17c,
rumyantsev.aleksandr@luis.ru,ty3kiqoc,
mamontova@fed.saturn.net ,pu1be3xi,wrong login or password
sasha.vas080@mail.ru,749201,
irinak13@yandex.ru,lu9ge8me,
maksimratkevich@mail.ru,za4si9me,
box-284@tcmail.ru,gi9ci3ki,
a.nesterov@elsoyuz.co.ru,be6vy9ca,
bnn@spk-electric.ru,zi3xywan,
morozova@spectr-electro.ru,f6efc58d,
icho@snab-mail.ru,qa6ju4xe,
avpanevin@yandex.ru,0c5a4b60,"Marketing" tab isn't available
zetaslav@yandex.ru,836010,
elekland@mail.ru,241187,"Marketing" tab isn't available
kso10@yandex.ru,hi2fy6ly,
89119000427@mail.ru,xu4ro7xu,
beloborodovdee@gmail.com,po8tadyr,
duka_n@izemi.ru,pa7le8bu,
spsmon@yandex.ru,fe9nocez,
milenko@avselectro.ru,ja1le5ra,
no@mail.net,826743,
9144150115@mail.ru,442888,
alekseenko.alesia@yandex.ru,1c7808af,
a.shashkov@alians-k.ru,123,
fomin@avselectro.ru,955f3ec3,
goreva84@mail.ru,fe3236d7,
barc_kg@etm.ru,mu1rufif,
shvedova_ii@etm.ru,wo2me9qo,
mrukavishnikova@snab-mail.ru,ce9tysyx,
optufa1@yandex.ru,ty9xe6sy,
mav@alb.ru,9c50d71e,
goveyler_ia@etm.ru,lu4vu7gy,
energovek2011@yandex.ru,ga9buqaz,
tat72220525@yandex.ru,ri4fy7to,
120@izmetalla.pro,ge4juked,
rtn03@as51.ru,ba8pofup,
564654564@765.uy,b45d0f82,
d.shlyapin@baltenergomash.ru,ea517ed8,
nozdrina_oi@etm.ru,ke0ly6sy,
ets174@mail.ru,9328a70d,
abrazhin@rnd.etm.ru,2d16985f,
bogdanova@t-vvk.ru,ka8peqyv,
alysenko@rnd.etm.ru,1856ca97,
uetkv@mil.ru,853698,
lipartiya_ve@exp-project.com,fefa8490,"Marketing" tab isn't available
derovao@mail.ru,na0py3wu,
kaa792910@yandex.ru,796184,
iuskripnik@elcn.ru,ki2qy1pu,
reklamation@snab-mail.ru,ki2kebac,
demyanenko.au@szte.ru,ji1wa3la,
e.gorodnikova@krdelectro.ru,cy2tozir,
i.bormotova@krdelectro.ru,qi7gi3zu,
250744@orionsvet11.ru,e6e3e2cd,
250744@orionsvet11.ru,ed13c714,
omts@p-energo.ru,a326628b,
zub2701@yandex.ru,7c2f9855,
sfera979@gmail.com,du0sibok,
romanyuk_pavel@mail.ru,lu0ha4ne,
sale@sdk-electro.ru,qo0bexoh,
bondarenko-elkko@yandex.ru,dad0d567,
garankin@promrukav.ru,48efdd91,
prv@enmash.ru,5cb968eb,
vidnoe@el-power.ru,jyg658478&*,
info@63ampera.ru,742685,
podkorytov_75@bk.ru,no0subax,
011@amkt.ru,620432,
no@mail.net,minsk,
rus_electro@mail.ru,24808,
s.masluk@system.energy,ku3sehid,
murad_garamov@mail.ru,py7zomuz,
en@progress-ek.ru,954596,
u.nefedova@partner-electro.ru,po6xyhos,
 nikiforets@itc-electronics.com ,te0qi3te,wrong login or password
kutuzova.a@toledo24.ru,12345aa,
solmikh@yandex.ru,ri9wi4he,
elektrosvet@bk.ru,a9771faf,"Marketing" tab isn't available
vasilev_ad@pek-spb.ru,jo3zumuf,
digurov@elektrika15.ru,tu0ji0ga,
a.spiridonov@top-energo.com,sy7pabyp,
zakaz@zeta.spb.ru,mu1ky8xy,
tarashchik@promsdt.by,wy9su8hu,
stanislav@cpumem.ru,1648791f,"Marketing" tab isn't available
kovalev@yugkabel.ru,369402,
mysak_ua@remplanika.ru,hi0dodep,
n.missin@sfplus.ru,zo3pe5qo,
hihol08@mail.ru,004058b1,
tmakarov@snab-mail.ru,ne3lityl,
ahohriakova@snab-mail.ru,gi3jokuv,
vshevnin@lanit.ru,ni0du6mi,
artem.k@molottok.com,274076,
zakaz@euroelectric.kz,2018,
89119000427@mail.ru,te8va9ga,
pavel.cheremiskin@esplus.ru,385623,"Marketing" tab isn't available
k457126@yandex.ru,lo1jinoc,
sne@k-kirov.ru,wa8ca9no,
9543146@mail.ru,f897873a,
katishev@elektro.ru,ba2fahad,
olga@elz.kz,600895,
kabanova@toledo24.ru,632873,
pershina-ksenija@rambler.ru,ty7qi4ro,
mamin@spectr-electro.ru,c24de0bf,
volkodavovaee@spectr-electro.ru,71c63bff,
I.Kormashev@elektro.ru,ce4si2wy,
shirokov@rossed.ru,fy1lilon,
sale2@04kv.ru,1234567,
ufa@etc-partner.ru,re2qetul,
arsusha2005@rambler.ru,64bff30d,
lenk@gektor-nsk.ru,796006,
anna516993@yandex.ru ,sy8mu0de,wrong login or password
svet@volt-market.com,gi2kawit,
elsnabkz@mail.ru,278260,
kiselev@gkea.ru,re7rezyk,
korchazhnikova@ev-ro.ru,ka1nisyq,
andrey.buzukin@tesli.com,ve6wegur,
aesm-elena@mail.ru,di9qe4zi,
bashkirtseva@ev-ro.ru,za2bewem,
yana@yugkabel.ru,gu8gucis,
fku-ik1_snab@mail.ru,by1gi6ty,
shlemin@vecz.ru,bu0mo7qa,
n.bur@rambler.ru,so2qy9ta,
zak@esnab.pro,ru0qowem,
zak1@esnab.pro,wy2kaleg,
artem@moni.ru,we7fugiw,
lomakin.aleksandr.2018@mail.ru,3bd100a8,
shitovoe_ob@mail.ru,mu4worut,
energovek2011@yandex.ru,281150,
tihonova_ov@borets.ru,786976,
sales@vostokenergo.com,930959,
german_litvin@bat.com,78ea289f,
opt-komplekt@yandex.ru,cc7b2724,
sergey-elkko@yandex.ru,f2ccca75,
pevnev@melectrospb.ru,3041ae91,"Marketing" tab isn't available
panevina.v@ellerium.ru,7e1f437f,
director@energo-plus.com,668ed81b,"Marketing" tab isn't available
ramazan-gasanov@mail.ru,fac8c9aa,
svetlana.sinchuk@gmail.com,a8020653,
s.ovsyannilov@kenergo.ru,0f8dfe20,
kaa-elektro034@mail.ru,b595e0cf,"Marketing" tab isn't available
osnab02@vkt.cc,47ab6182,
tomchik81@mail.ru,687729d2,
ykokulov@nnov.etm.ru,c59e9bf9,
tpoi@rambler.ru,moscow,"Marketing" tab isn't available
9068116@mail.ru,f85205f2,
aesm@mail.ru,5f75fd17,
director@etk-oniks.ru,2f88d38f,
9039380530@mail.ru,5d2b357c,"Marketing" tab isn't available
bepkd@mail.ru,aa0fc29b,
shirnaev_andrei@mail.ru,224104,
k.belaya@i-tech.su,726669,
hohlov.m@bakoplus.ru,8673c002,
vorobiov_mv@etm.ru,d1b74314,
mhandogin@optelektrotorg.ru,f5739539,"Marketing" tab isn't available
forsova@avr-electro.ru,5d6a58bd,
iab@avr-electro.ru,b1f7b1ed,
sartikov14@list.ru,671546,
selivanov.s@bakoplus.ru,353192,
lera@siblight.com,19561532,
panteleeva@elecomt.ru,f12e9d16,
9547789892@mail.ru,f71e9032,
electronva@mail.ru,73b1eb5c,
ognjen.coric@gmail.com,758505,
pavlinov@ges.com.ru,1821b548,"Marketing" tab isn't available
d.karpov@spektrspb.ru,afd609b1,
rinat.seradzhinov@bigpro.ru,fdffe1df,
rgarifullin@snab-mail.ru,46cb6e65,
snab12@sparta-stroy.ru,ecb872f6,
yulukina@snab-mail.ru,75b4f6c0,
kuzhelevich@electrotss.ru,1dbb80de,"Marketing" tab isn't available
director@mmrostov.ru,65739da6,
asia.electro@mail.ru,b4d198d6,
sherbinina@promeco.ru,872782c9,
dorofeev.sl@bk.ru,73fb60de,
martin@electroset.ru,67b1292f,
mariya.martynyuk@tesli.com,f94b3c65,
vnu@etecom.ru,917342,
iospelnikova@russvet.ru,691791,
kurochkin@sem-komplekt.ru,d2845a6f,
a.zaharov@alians-k.ru,322583,
vvg@alterteh.ru,7e8041d1,
omts@emsvol.ru,0a6c8621,
info@sibopt.ru,563266,
bbk@trevis.ru,5ef6c9a9,
box-336@tcmail.ru,694669,
standart-energo@mail.ru,855ce315,"Marketing" tab isn't available
arsenergo@mail.ru,42a7da75,
o.kulandina@electroff.ru,pi3hobog,
oshadenko@elcn.ru,ge2lotef,
ikesmsk@ro.ru,7de2b76e,"Marketing" tab isn't available
p.nurgaziyev@euroelectric.kz,zi6ci9bi,
info@sissol.ru,3b5fe008,
oleg@favorit-el.ru,09c19a44,
mmatveev@favorit-el.ru,676096,
nop@mmsaratov.ru,f8012d9b,
alfa.elektro@yandex.ru,d6f6e296,
zhilikovdv@yandex.ru,0346125b,
sferatz@yandex.ru,jo6cewob,
no@mail.net,qo7ke6ko,
spl_2@electroset.ru,zu7zukok,
fedorov@mmsaratov.ru,90055f34,
sibesys@gmail.com,70f7702b,"Marketing" tab isn't available
sorokina-eksi@ya.ru,8394b72b,
9313669@mail.ru,ny7pi3xe,
urtk-am@yandex.ru,miss251078,
battsogt@novatek.mn,my9haqus,
api@elektro.ru,0a934a07,
snab@oltek.ru,me8fy3mo,"Marketing" tab isn't available
va@oltek.ru,na7cafat,"Marketing" tab isn't available
mak@soemi.ru,hy3ke4fy,
lmv@velta55.ru,wi8farim,
ru04kv@soemi.ru,he5mo7po,
tika@202020.ru,258038,
shmachin@s-5.ru,li4ti3fu,
777@energosfera.ru,lo9tipob,
smm@svetberi34.ru,dy1to3hu,
pkeinfo@mail.ru,gu6zovaj,
83478365211@mail.ru,di1ny2do,
zhyk.a@eltech-a.ru,vo3xizir,
vayner.a@eltech-a.ru,so2ti0ri,
Mv.elteh.a@gmail.com,tu0qi4su,
kolupaev.n@eltech-a.ru,ji9kezah,
mail@electro-city.su,so4huqim,
an@globula.su,ri6za7ce,
kukarskyev@amper.club,jo0hozih,
tpe2001@tpe2001.ru,cy1lameh,
y.shavrina@zaodias.ru,ty4je2bo,
shimkov.s@bakoplus.ru,ra9qa3po,
rm@el-energo.com,dy9xa2se,
elekomravil@mail.ru,329480,"Advertisement materials" in "Marketing" isn't available
pss.sergei@gmail.com,852369,"Advertisement materials" in "Marketing" isn't available
rosinvest2011@yandex.ru,833727,
simas76@mail.ru,917657,"Advertisement materials" in "Marketing" isn't available
e.konstantinov@sst-em.ru,49ad105a,
ya.etm2@yandex.ru,68133e3e,
stepanova.o.a@acsioma.ru,123456qqqq,
may@amper42.ru,f12e1397,"Advertisement materials" in "Marketing" isn't available
yakubovich@adelaida.ru,971242,"Advertisement materials" in "Marketing" isn't available
ivl@el-power.ru,avt465213,"Advertisement materials" in "Marketing" isn't available
zakup@alians-k.ru,424988,"Advertisement materials" in "Marketing" isn't available
zakup.nva@kazsvet.kz,668876,"Advertisement materials" in "Marketing" isn't available
snab@ct-1.org,131039,"Advertisement materials" in "Marketing" isn't available
sh.a.m85@mail.ru,801710,"Advertisement materials" in "Marketing" isn't available
vit-korolev@mail.ru,ly1jugok,"Marketing" tab isn't available
m.dryuchkov@planeta-electro.com,so8lulih,
vk@shop220.ru,ni7gifed,
hudiakova@promsdt.by,wa5humyb,
b_kuptsov@rambler.ru,c25cc5d5,
d.keldyshev@enerc.ru,993ee3e6,
dan.m@tut.by,090ccd8d,
wain1192@gmail.com,358dfec9,
malahova_svetlana@ugtehelektro.ru,6945f97d,
329797@mail.ru,b43c2f1a,"Marketing" tab isn't available
akvaterm@optorg.ru,1808b4dd,
m2@region-snab.com_,422b86ab,
cl-system5@mail.ru,adcbd602,"Advertisement materials" in "Marketing" isn't available
el-system-office@mail.ru,17d57320,"Advertisement materials" in "Marketing" isn't available
moroshkinii@gmail.com,wa8wi3vo,
cl-system4@mail.ru,907852,"Advertisement materials" in "Marketing" isn't available
el-system2@mail.ru,38bbc0ee,"Advertisement materials" in "Marketing" isn't available
324898@mail.ru,ji2ludow,
berezina@ekt.sbat.ru,gy4vepib,
sales@electrosystem.ru,1ade3942,"Marketing" tab isn't available
sert@oreht.ru,6dfbab76,"Advertisement materials" in "Marketing" isn't available
tigr.l@yandex.ru,7c794eb0,"Advertisement materials" in "Marketing" isn't available
zakupka-alfa-impuls@mail.ru,3809e25b,"Marketing" tab isn't available
snab@etsol.ru,962f8f6c,
g.dmitriev@ie-pro.ru,e108a541,
ptmkursk@mail.ru,73405a07,
evs@alb.ru,2a596c51,
v.altuhova@ietcorporation.ru,a4747fc0,
d.levchenko@ietcorporation.ru,d49ae4aa,
omenkova@lanit.ru,ddc58811,
el-system7@mail.ru,0fba2b50,"Advertisement materials" in "Marketing" isn't available
altor_sale@yandex.ru,0aa2cddd,
vnmakarov1@mail.ru,0910c596,"Marketing" tab isn't available
maxidom_alex@mail.ru,0b82a0ad,"Marketing" tab isn't available
xasasha@gmail.com,933073,"Advertisement materials" in "Marketing" isn't available
ivg_progress@mail.ru,184610,"Advertisement materials" in "Marketing" isn't available
meshkova_marina@ugtehelektro.ru,123987123987,"Advertisement materials" in "Marketing" isn't available
spl_2@electroset.ru,8f43392d,
emk-avv@mail.ru,571380,"Advertisement materials" in "Marketing" isn't available
pogorov06@mail.ru,ekaterinburg,
29439@220ufa.ru,600603,
energobaza@mail.ru,1354e3cd,"Marketing" tab isn't available
avggulyaev@gmail.com,152420,
lumgrupmas@gmail.com,127692,
danilyak@list.ru,acfe99d8,
klyuevmm@lighting-gr.com,6733ecc3,
smo2@spb2.russvet.ru,add84e9f,
dv@asv-tech.ru,cf8225a2,"Marketing" tab isn't available
dmitrieva_veronika@ugtehelektro.ru,d585df4a,
andrey.kulagin@tesli.com,0cb8600b,
yug-vlg.snab@mail.ru,d5c3b46b,"Marketing" tab isn't available
yug-vlg@mail.ru,cb8ec1c9,"Marketing" tab isn't available
jtkey@inbox.ru,943b9ef8,
cve1770@yandex.ru,3c0cfd64,
voronkov@electroset.ru,6e512bbb,
G.Sapegin@elektro.ru,54969,
kprihodchenko@krasnodarelectro.ru,46eb2103,
camvaz@mail.ru,9103617e,
kvl@vajak.ru,757729,
wlw.11@yandex.ru,bdf9608d,
kis@vegosm.ru,662103,
eltp3262@yandex.ru,479029,
snab1@petrozavod.ru,du9mirob,
alexstars72@yandex.ru,zo6le3te,
electrocentre@yandex.ru,de1qanaj,
2765896589@mail.ru,e600f95f,
info@electro51.ru,ko6ny8wi,
promkabel@angara.ru,1debddb7,"Marketing" tab isn't available
sbis@tomsk.ru,b4908764,
sa_efremov@mail.ru,613298,
energysales@mail.ru,6e45d922,
maxissm@yandex.ru,8a5eafc4,
220.380@inbox.ru,3ee60a68,
logist@gp-l.ru,309769,
i.kuznecova@svetservis.com,vi8webuk,
a.eletskiy@sfplus.ru,ke2za5ko,
zoe@nknw.ru,5191c1be,
antonov@mmvrn.ru,ede6f412,
darjya.karpechenkova@lampa.ru,f1b0fc8b,
asuvorov@eburg.etm.ru,e3f35349,
gk_komitet@inbox.ru,e59cd36a,
snab@electross.net,45b008fb,
dyakov7272@mail.ru,04b014b8,
shigabetdinov@ulenergo.ru,94d65213,"Marketing" tab isn't available
pervushin@ural-electro.ru,1769c28f,
exgolemhex@gmail.com,ju5nulyj,
s.levashov@spektr-elektro.com,gu1te6ku,
ilya_suvaryan@mail.ru,ta3py9ze,
oordina@snab-mail.ru,lu2de9re,
energovek2011@yandex.ru,qo7fuzoj,
meshkova_marina@ugtehelektro.ru,1d91b856,
3634280@mail.ru,se2futik,
zullya220v@mail.ru,vi2we7wy,
e.valieva@enerc.ru,pa3ve0hi,
a.ivanova@enerc.ru,qa5qi7co,
dvg@bielmart.ru,571e0c3e,
i.kuznecov@el.ru,e4bd979f,
2202207@bk.ru,wa9ta9mu,
x-mss@mail.ru,6335036d,"Advertisement materials" in "Marketing" isn't available
kam-light@yandex.ru,489911,"Advertisement materials" in "Marketing" isn't available
directorpr@ses.bz,90a1a5b7,"Advertisement materials" in "Marketing" isn't available
58769875@76876.dd,3d11b787,"Advertisement materials" in "Marketing" isn't available
eduard.lashin@mail.ru,866c4b6d,"Advertisement materials" in "Marketing" isn't available
nuton555@yandex.ru,1ea9775c,"Advertisement materials" in "Marketing" isn't available
89103334300@mail.ru,a27031b7,"Advertisement materials" in "Marketing" isn't available
esh@p-el.ru,402078,"Advertisement materials" in "Marketing" isn't available
ilysogorskaya@rnd.etm.ru,2f08ea05,"Advertisement materials" in "Marketing" isn't available
electr@optorg.ru,76104d33,"Advertisement materials" in "Marketing" isn't available
o.kashkina@krdelectro.ru,2ccc73b2,"Advertisement materials" in "Marketing" isn't available
soft.10@mail.ru,36571864,"Marketing" tab isn't available
sputnik-telecom@mail.ru,bfe0b145,
zav@escab.ru,349273,
manager@energo-c.ru,994f2ce9,
kirik.cv@yandex.ru,b7f76c38,
fedorova@metal-industry.ru,b2961feb,
a.mikayelyan63@gmail.com,c39def98,
sale@prom-crimea.ru,9ae0ad80,
stroyka.zakup12@shar-opt.ru,334872,
smirnov@tdemir.ru,b90788d2,
manzurov@elizdel.ru,113916,"Advertisement materials" in "Marketing" isn't available
igoninbv@mail.ru,bab5c43e,
iav@grsh-electro.ru,3862c222,"Advertisement materials" in "Marketing" isn't available
gostev@oreht.ru,953226,
