,,
login,password,marketing tab availability
2875283758@mail.ru,42233f50,"Marketing" tab isn't available
shishmarev@inter-plus.ru,fd46475b,"Marketing" tab isn't available
logist@elsyst.ru,97d7bdea,"Marketing" tab isn't available
no@mail.net,388252,"Marketing" tab isn't available
klimov.ev@vingard.pro,2c347c9f,"Marketing" tab isn't available
anna.elcities@mail.ru,0a681414,"Marketing" tab isn't available
2260035@mail.ru,3ca829bd,"Marketing" tab isn't available
shahta75@rambler.ru,188933,"Marketing" tab isn't available
y.shirshova@svetberi34.ru,5e13d65c,"Marketing" tab isn't available
barion-sib@mail.ru,88c10468,"Marketing" tab isn't available
n_kor@expoelectro.ru,54458bfa,"Marketing" tab isn't available
aikarpenko_1971@mail.ru,965854,"Marketing" tab isn't available
yu.yarushnikova@ekf.su,796305,"Marketing" tab isn't available
sorokin@ses220.ru,fea1d868,"Marketing" tab isn't available
morozov@rosenergochel.ru,96b0475c,"Marketing" tab isn't available
,,
narycheva@td-antel.com,73c07aa4,"Marketing" tab isn't available
a.molotkov@energo-plus.com,53625494,"Marketing" tab isn't available
1234567lnv@gmail.com,c41078db,"Marketing" tab isn't available
energo_souz@inbox.ru,8a575222,"Marketing" tab isn't available
eduard.elcities@mail.ru,b52bf8cf,"Marketing" tab isn't available
snegur@tulaavtomatika.ru,21f6ff50,"Marketing" tab isn't available
optelektrotorg3@mail.ru,ae30eb4f,"Marketing" tab isn't available
prom9@pro-com.ru,74c62cad,"Marketing" tab isn't available
td-elkab.iea@yandex.ru,14d1d29f,"Marketing" tab isn't available
l.shamina@energo-plus.com,cc7cf1cd,"Marketing" tab isn't available
artem.korlyhanov@chipdip.ru,46cf239e,"Marketing" tab isn't available
optelektrotorg@list.ru,47e7e032,"Marketing" tab isn't available
optelektrotorg15@list.ru,369419f3,"Marketing" tab isn't available
evgeshka1989@yandex.ru,7b53cb79,"Marketing" tab isn't available
nelmos11@gmail.com,43554b07,"Marketing" tab isn't available
askom-yug@mail.ru,753241,"Marketing" tab isn't available
west_stone@mail.ru,7230c4f3,"Marketing" tab isn't available
rassvet-miass@mail.ru,dbce271c,"Marketing" tab isn't available
vpkvitebsk@mail.ru,0747a489,"Marketing" tab isn't available
prom70@pro-com.ru,c98147e0,"Marketing" tab isn't available
lnataliav@yandex.ru,482077,"Marketing" tab isn't available
tpoi@rambler.ru,moscow,"Marketing" tab isn't available
stromilov_in@e-sbyt.ru,534891,"Marketing" tab isn't available
pozitiv56@inbox.ru,404abf85,"Marketing" tab isn't available
cva@svetoteh.pro,9abe0460,"Marketing" tab isn't available
faleeva@dialelectro.ru,98faf77a,"Marketing" tab isn't available
mva@elsyst.ru,86a9bc64,"Marketing" tab isn't available
2194266@gmail.com,2675b2ef,"Marketing" tab isn't available
mda@holdin.ru,4f2ee614,"Marketing" tab isn't available
matushov@crazyservice.net,a2adc512,"Marketing" tab isn't available
sp_levenok@mail.ru,8b780d10,"Marketing" tab isn't available
zakaz@promtekmsk.ru,f20df449,"Marketing" tab isn't available
sp21@sp21.net,81737ac2,"Marketing" tab isn't available
baksalyar2@mail.ru,1ed8340a,"Marketing" tab isn't available
montag@energo-capital.ru,f0a56a1d,"Marketing" tab isn't available
v.kashtanov@orionr.ru,5b051b25,"Marketing" tab isn't available
omts@pr66.ru,3a88810f,"Marketing" tab isn't available
t579307@yandex.ru,443c3b08,"Marketing" tab isn't available
snab@gkimex.ru,df7b76d1,"Marketing" tab isn't available
info@tzma.org,9f8cf3b9,"Marketing" tab isn't available
79781110102@yandex.ru,f679b761,"Marketing" tab isn't available
aleksandr.dka@mail.ru,eb93b387,"Marketing" tab isn't available
po.promsvyaz@gmail.com,da5e3086,"Marketing" tab isn't available
1234567lvn@gmail.com,efc376ae,"Marketing" tab isn't available
zakup@tradeplus.ru,63338760,"Marketing" tab isn't available
feniks_nsk@inbox.ru,b8f08020,"Marketing" tab isn't available
info@i-e-m.ru,3c78d58f,"Marketing" tab isn't available
chebunina_ga@bur.e-sbyt.ru,781883,"Marketing" tab isn't available
fedorova_ap@e-sbyt.ru,3ba54485,"Marketing" tab isn't available
p.korolkov@ans-group.ru,hy6zo6ra,"Marketing" tab isn't available
766170.promsnab@mail.ru,422669cd,"Marketing" tab isn't available
eduard@teslagroup.ru,d79eaad5,"Marketing" tab isn't available
ufarkin@sveto-tehnika.com,ad857bc7,"Marketing" tab isn't available
aneg-energo@yandex.ru,35ce9cec,"Marketing" tab isn't available
borshhov_dv@e-sbyt.ru,aa2c098a,"Marketing" tab isn't available
ets63@yandex.ru,1921b354,"Marketing" tab isn't available
pt-mk@mail.ru,b90fe6a8,"Marketing" tab isn't available
eurosvet@mail.ru,euro2135,"Marketing" tab isn't available
8934659236@mail.ru,d6456b23,"Marketing" tab isn't available
dorozhkina@promkabel.su,423c0afa,"Marketing" tab isn't available
250935@mail.ru,61b2d16f,"Marketing" tab isn't available
eeskem@mail.ru,55f72e9f,"Marketing" tab isn't available
hihol08@mail.ru,3f74ff40,"Marketing" tab isn't available
roldugin@urbexgroup.ru,86fa370b,"Marketing" tab isn't available
vvekrsk@mail.ru,317190,"Marketing" tab isn't available
stsstan33@mail.ru,d9adf24a,"Marketing" tab isn't available
biznes_snab@mail.ru,c20f5fda,"Marketing" tab isn't available
993220@mail.ru,535829,"Marketing" tab isn't available
a.bukreev@te-sip.ru,6ca34c9a,"Marketing" tab isn't available
perittver@yandex.ru,206348,"Marketing" tab isn't available
svetlanatdasr@mai.ru,2841d8b7,"Marketing" tab isn't available
m.kazmin@ekf.su,8e978155,"Marketing" tab isn't available
503@vizit-elektra.ru,e979d717,"Marketing" tab isn't available
avpanevin@yandex.ru,0c5a4b60,"Marketing" tab isn't available
elekland@mail.ru,241187,"Marketing" tab isn't available
lipartiya_ve@exp-project.com,fefa8490,"Marketing" tab isn't available
elektrosvet@bk.ru,a9771faf,"Marketing" tab isn't available
stanislav@cpumem.ru,1648791f,"Marketing" tab isn't available
pavel.cheremiskin@esplus.ru,385623,"Marketing" tab isn't available
pevnev@melectrospb.ru,3041ae91,"Marketing" tab isn't available
director@energo-plus.com,668ed81b,"Marketing" tab isn't available
kaa-elektro034@mail.ru,b595e0cf,"Marketing" tab isn't available
tpoi@rambler.ru,moscow,"Marketing" tab isn't available
9039380530@mail.ru,5d2b357c,"Marketing" tab isn't available
mhandogin@optelektrotorg.ru,f5739539,"Marketing" tab isn't available
pavlinov@ges.com.ru,1821b548,"Marketing" tab isn't available
kuzhelevich@electrotss.ru,1dbb80de,"Marketing" tab isn't available
standart-energo@mail.ru,855ce315,"Marketing" tab isn't available
ikesmsk@ro.ru,7de2b76e,"Marketing" tab isn't available
sibesys@gmail.com,70f7702b,"Marketing" tab isn't available
snab@oltek.ru,me8fy3mo,"Marketing" tab isn't available
va@oltek.ru,na7cafat,"Marketing" tab isn't available
vit-korolev@mail.ru,ly1jugok,"Marketing" tab isn't available
329797@mail.ru,b43c2f1a,"Marketing" tab isn't available
sales@electrosystem.ru,1ade3942,"Marketing" tab isn't available
zakupka-alfa-impuls@mail.ru,3809e25b,"Marketing" tab isn't available
vnmakarov1@mail.ru,0910c596,"Marketing" tab isn't available
maxidom_alex@mail.ru,0b82a0ad,"Marketing" tab isn't available
energobaza@mail.ru,1354e3cd,"Marketing" tab isn't available
dv@asv-tech.ru,cf8225a2,"Marketing" tab isn't available
yug-vlg.snab@mail.ru,d5c3b46b,"Marketing" tab isn't available
yug-vlg@mail.ru,cb8ec1c9,"Marketing" tab isn't available
promkabel@angara.ru,1debddb7,"Marketing" tab isn't available
shigabetdinov@ulenergo.ru,94d65213,"Marketing" tab isn't available
soft.10@mail.ru,36571864,"Marketing" tab isn't available
